{
    "list": [
        {
            "name": "Left Eye",
            "localPose": {
                "position": {
                    "x": -0.028927279636263849,
                    "y": -0.008444475941359997,
                    "z": 0.030538683757185937
                },
                "rotation": {
                    "x": 0.0,
                    "y": 4.0261644387341869e-14,
                    "z": 4.5102803599133409e-14,
                    "w": 1.0
                }
            },
            "localScale": {
                "x": 1.0,
                "y": 1.0,
                "z": 1.0
            },
            "vertexIndices": [],
            "controlPoints": []
        },
        {
            "name": "Right Eye",
            "localPose": {
                "position": {
                    "x": 0.028927279636263849,
                    "y": -0.008444475941359997,
                    "z": 0.030538683757185937
                },
                "rotation": {
                    "x": 0.0,
                    "y": 4.0261644387341869e-14,
                    "z": 4.5102803599133409e-14,
                    "w": 1.0
                }
            },
            "localScale": {
                "x": 1.0,
                "y": 1.0,
                "z": 1.0
            },
            "vertexIndices": [],
            "controlPoints": []
        },
        {
            "name": "Left Screen",
            "localPose": {
                "position": {
                    "x": 0.0,
                    "y": 0.0,
                    "z": 0.0
                },
                "rotation": {
                    "x": 0.0,
                    "y": 0.0,
                    "z": 0.0,
                    "w": 1.0
                }
            },
            "localScale": {
                "x": 1.2999999523162842,
                "y": 1.2999999523162842,
                "z": 1.0
            },
            "vertexIndices": [],
            "controlPoints": []
        },
        {
            "name": "Right Screen",
            "localPose": {
                "position": {
                    "x": 0.0,
                    "y": 0.0,
                    "z": 0.0
                },
                "rotation": {
                    "x": 0.0,
                    "y": 0.0,
                    "z": 0.0,
                    "w": 1.0
                }
            },
            "localScale": {
                "x": 1.2999999523162842,
                "y": 1.2999999523162842,
                "z": 1.0
            },
            "vertexIndices": [],
            "controlPoints": []
        },
        {
            "name": "Leap Hand Controller",
            "localPose": {
                "position": {
                    "x": -0.000010114869837707374,
                    "y": 0.03521612286567688,
                    "z": 0.10553791373968125
                },
                "rotation": {
                    "x": 0.08715570718050003,
                    "y": -6.661337300717992e-15,
                    "z": -3.3972821165398e-14,
                    "w": 0.9961947202682495
                }
            },
            "localScale": {
                "x": 1.0,
                "y": 1.0,
                "z": 1.0
            },
            "vertexIndices": [],
            "controlPoints": []
        }
    ]
}